run_id,timestamp,sharpe_ratio,sortino_ratio,max_drawdown,total_return,win_rate,profit_factor,total_trades,avg_trade_pnl,combination_ir,is_promising,test_sharpe_ratio,test_sortino_ratio,test_max_drawdown,test_total_return,test_win_rate,test_total_trades,test_profit_factor,momentum_windows,mean_reversion_ma_periods,funding_extreme_threshold,bb_period,bb_std,rsi_period,volume_ma_period,cross_coin_lead_window,combination_min_history,regression_lookback,vol_lookback,rebalance_interval,kelly_fraction,max_fraction,min_edge,position_sizing,fixed_fraction,stop_loss_pct,take_profit_pct,max_leverage,IC_momentum,IC_mean_reversion,IC_funding_rate,IC_volatility_breakout,IC_rsi_divergence,IC_volume_imbalance,IC_bb_width,IC_funding_acceleration,IC_cross_coin
1,2026-04-10T16:10:05.280620,0.9094088209258842,nan,0.002097844351128225,0.0012622615242563473,0.6410256410256411,1.6758369285175148,39,nan,nan,False,nan,nan,nan,nan,nan,nan,nan,"[1, 5, 10, 20]","[20, 50]",0.0017351108373780415,25,2.6354052759372224,7,16,6,15,38,49,9,0.7099381324131325,0.07879456337465292,0.07816575521863671,fixed,0.046490471113165927,0.043130243192223874,0.06000560503005786,3.883647804034509,0.03948440118232643,0.010350280073012683,0.10772373143079463,0.015590038607746487,0.08804218936220087,-0.0426956793130055,0.004251711166377357,0.052400614048647376,0.028386182012801055
2,2026-04-10T16:10:09.010546,-0.18231021731027364,nan,0.011998914990861594,-0.0009270256441726854,0.59375,1.0167825445896304,256,nan,nan,False,nan,nan,nan,nan,nan,nan,nan,"[1, 3, 5]","[10, 30]",0.0016898273151303774,12,2.8794482889984265,8,25,5,38,24,76,10,0.6288018966869677,0.2541451091495199,0.013059355362703674,fixed,0.1000156469866508,0.043802878676830026,0.10823560233667984,4.2660827175223694,-0.002295581853174722,0.006428985280142864,0.07094245083078471,0.06095349642821411,0.17256392788438968,-0.03952012798662401,0.008453670189977435,0.03159590606482113,0.08377554742899589
3,2026-04-10T16:10:14.182076,0.9441461317394633,nan,0.02154811509271322,0.010016478103852533,0.5043227665706052,1.18390817293488,347,nan,nan,True,nan,nan,nan,nan,nan,nan,nan,"[7, 14, 30]","[10, 20]",0.0013095202530446501,17,1.67196850450307,18,35,6,20,18,84,7,0.12409879241726511,0.2604113474146773,0.01445578376025981,fixed,0.15382864374064262,0.05029859666632109,0.07368447132594765,2.487993423954964,-0.19512233144939806,0.0568168395153244,0.12213339975463447,0.029194830740296874,0.1931903398306434,-0.02153250704334805,-0.08467507251069659,-0.015495033342407177,0.041935575937148965
4,2026-04-10T16:10:48.831017,-0.6299122619529585,nan,0.0032503946650146555,-0.0009201097870336072,0.44668008048289737,1.0793274752566253,1491,nan,nan,False,nan,nan,nan,nan,nan,nan,nan,"[5, 10, 20]","[20, 50]",0.0014595984640604583,30,1.9660418488148959,14,11,12,10,34,73,1,0.607546635225964,0.09907956066915738,0.02233612080074985,fixed,0.02124184749569876,0.07372375558832792,0.11467314242240895,4.101283543571879,-0.024055893148386954,0.03293852885600926,-0.005996869816680217,-0.017550131837324134,0.02202689301104649,0.0036281460676973287,-0.037922940210898703,-0.020228785284630204,0.030532397075322164
5,2026-04-10T16:10:53.450752,-2.081147942651294,nan,0.004741932908447331,-0.003266529213662439,0.44933920704845814,0.7512772554341334,227,nan,nan,False,nan,nan,nan,nan,nan,nan,nan,"[1, 2, 5, 10, 20, 30]","[10, 20]",0.0015427181860843422,21,2.638373705431863,21,20,5,36,19,85,8,0.9568829949574328,0.24413310669070515,0.03516381269813332,fixed,0.028196910294754317,0.05403224517472068,0.04030315703231048,1.8520598638703794,-0.04695213919384917,0.07364542466409266,0.07424548252198582,0.08307557260238226,0.1769573997315642,-0.08982398413952393,-0.07549612233567309,-0.037833976955697804,-0.006233492764761465
6,2026-04-10T16:11:29.209905,-0.8194094104316743,nan,0.014830469122058326,-0.005299081378242199,0.468013468013468,1.0598401756602442,891,nan,nan,False,nan,nan,nan,nan,nan,nan,nan,"[1, 5, 10, 20]","[20, 40, 60]",0.0003806102205588627,28,2.561895235419184,13,16,10,33,30,49,1,0.9228215046653008,0.08115135129719768,0.043081204400535394,fixed,0.0997787514268173,0.05696392568094785,0.11167742137724589,4.025991930817901,-0.025151900761582503,0.03302704829919229,-0.005996869816680217,-0.030018630092658156,0.0238104704867558,-0.005029386530246945,-0.036230041118411646,-0.020228785284630204,0.032849869437033934
7,2026-04-10T16:11:32.464285,-2.5743399043347535,nan,0.034633211265123184,-0.029018307233272145,0.4172661870503597,0.6804258353187117,139,nan,nan,False,nan,nan,nan,nan,nan,nan,nan,"[5, 10, 20]","[15, 30, 50]",0.0017068099129990146,24,2.7442580865811017,19,16,1,38,24,39,12,0.960725468746177,0.49208566387016706,0.0351934050286374,fixed,0.23070407952350835,0.03660626519911788,0.03666224198817909,2.38773750685082,-0.11933393596927072,0.16291290007138004,0.03330201184941911,-0.023255678400411827,0.1225771830392341,-0.034635687093432746,-0.15979600005092176,-0.000663035103641161,-0.042885675324773304
8,2026-04-10T16:11:37.171141,-3.46876435488533,nan,0.03526671060951502,-0.028571123952304323,0.39285714285714285,0.2454235186719171,28,nan,nan,False,nan,nan,nan,nan,nan,nan,nan,"[1, 5, 10, 20]","[20, 40, 60]",0.00024882147308404203,20,2.1089038623389547,17,35,2,14,11,94,8,0.31722517293775165,0.22120952626182583,0.0990773694342423,fixed,0.263679302862736,0.03774467342416582,0.03940974246730651,3.064008326985041,-0.052482334120462715,0.09906858613808893,0.07424548252198582,0.045864927723906684,0.15673119319114087,-0.06433177540400606,-0.07334889155264557,-0.037833976955697804,-0.13281299173445968
9,2026-04-10T16:11:46.052311,1.2671196772329743,nan,0.0064660483633905965,0.003918327833237756,0.5384615384615384,1.3574291500176436,143,nan,nan,False,nan,nan,nan,nan,nan,nan,nan,"[1, 2, 5, 10, 20, 30]","[30, 60]",0.000761901931985481,21,2.706720870417467,9,26,12,27,12,33,4,0.4712729904461388,0.2160474446174261,0.07785336538489768,fixed,0.06364810114929419,0.034601621729916626,0.033083052853455676,3.666476888685035,-0.02022022205465813,0.04829447090202304,0.020859381663612314,-0.058073421880040686,0.021699767033636692,-0.01559998275344859,-0.03990222543520219,-0.11791339068818546,0.052685819206619036
10,2026-04-10T16:11:55.008429,-1.4355692379327265,nan,0.02928799439689889,-0.016040963152269216,0.5049019607843137,0.8786243775069857,612,nan,nan,False,nan,nan,nan,nan,nan,nan,nan,"[1, 2, 5, 10, 20, 30]","[10, 20]",0.0002015272220061151,29,2.4948525885079995,9,33,7,33,31,49,4,0.6811402512989118,0.37450166365295684,0.0055759543422680006,fixed,0.1794207602343539,0.06477402122255722,0.12968132441711389,1.5087066862379954,-0.02022022205465813,0.018414858203126185,0.020859381663612314,-0.059557794000073994,0.021699767033636692,0.0017901625811404002,-0.04469159005672639,-0.11791339068818546,0.0038513125059421406
11,2026-04-10T16:12:04.210390,0.5005669049896248,nan,0.020461021228828587,0.006493115920903181,0.42589437819420783,1.1253294613764346,587,nan,nan,False,nan,nan,nan,nan,nan,nan,nan,"[7, 14, 30]","[20, 40, 60]",0.0008732302187365351,17,1.921078245347742,11,23,7,34,28,31,4,0.46532514723534935,0.13261696734204279,0.015173930776091658,fixed,0.1800624034002041,0.056555605617609396,0.07774364520691016,4.867521076939105,-0.01942040266094199,0.045255728175698416,0.020859381663612314,-0.040375169261034204,0.015530546068056646,-0.025269696017266727,-0.016444645478844166,-0.11791339068818546,0.0038513125059421406
12,2026-04-10T16:12:09.423723,-2.759535837493807,nan,0.0067753407327451765,-0.005207644324050964,0.4397163120567376,0.7812286603372534,423,nan,nan,False,nan,nan,nan,nan,nan,nan,nan,"[5, 10, 20]","[30, 60]",0.001085415377564895,17,2.1424686006782787,12,12,7,28,13,29,7,0.44371487585110714,0.44278258775813284,0.017181358922989907,fixed,0.03172281047274153,0.022323002779462926,0.053331799579109634,1.0897923653968018,-0.15501966877286003,0.14927426572678573,0.12213339975463447,0.040525417256789265,0.2032300505602767,0.004760648672852052,-0.07865964044333469,-0.015495033342407177,0.06680055379646399
13,2026-04-10T16:12:44.234165,-2.2548932127803045,nan,0.015990318290063577,-0.012657726948532066,0.4642857142857143,0.7125556355964021,168,nan,nan,False,nan,nan,nan,nan,nan,nan,nan,"[7, 14, 30]","[10, 30]",0.0013827119761962738,27,2.173636249671789,9,20,10,7,25,44,1,0.3176646866280504,0.29250258086602604,0.0891863337534229,fixed,0.12605572924717162,0.07815075749519668,0.08078492419590941,3.933942050280951,-0.017854200879824124,0.02611667706953915,-0.005996869816680217,-0.024883072295961876,0.03187058312310458,-0.00434201837647073,-0.03638540865017066,-0.020228785284630204,0.032849869437033934
14,2026-04-10T16:12:56.271072,0.8838468934785434,nan,0.028937962405738298,0.016916045583938555,0.4647887323943662,1.2770500458312783,284,nan,nan,True,nan,nan,nan,nan,nan,nan,nan,"[5, 10, 20]","[20, 40, 60]",0.0016643003112155501,24,2.6136729223971065,18,33,1,39,40,62,3,0.7576636531188793,0.32057595291418745,0.04489735257718911,fixed,0.2894717463898274,0.05316802280488519,0.059691359165998284,4.381477427629794,-0.11338892180047692,0.12330678170038122,-0.0516813099317285,-0.07824988186844385,-0.0065308091421845535,0.02890770854826777,-0.13065726353571316,0.00544576215236992,-0.00733227085750485
15,2026-04-10T16:13:00.120441,0.5842773791412553,nan,0.0032289127880856306,0.0007399952571456314,0.5198237885462555,1.1360837615461015,227,nan,nan,False,nan,nan,nan,nan,nan,nan,nan,"[1, 3, 7, 14, 30]","[20, 40, 60]",0.0019681919148050266,18,2.4118708653359224,15,21,9,37,40,63,10,0.4719816354776557,0.07046068946871112,0.03191777886647162,fixed,0.0230532299240162,0.039651627118526156,0.0892509522048134,4.270190609181377,-0.015776039550203173,0.0434873458751499,0.07094245083078471,-0.07022016238777584,0.16819437230905995,-0.042754061531264195,0.0021324447115231115,0.03159590606482113,0.07496605728145893
16,2026-04-10T16:13:18.136911,-0.21221315311110342,nan,0.003025705517124223,-0.0003793347728451302,0.42962962962962964,1.0471763555047295,135,nan,nan,False,nan,nan,nan,nan,nan,nan,nan,"[7, 14, 30]","[15, 30, 50]",0.00043460999525459155,30,1.9522568829163518,15,23,9,8,17,98,2,0.5483947224978157,0.1430811981934375,0.08392991234246021,fixed,0.033518216032427585,0.0681050061654001,0.05705164433760766,3.211127728769779,-0.039481052985359096,0.01870411365986984,0.0256157873677723,-0.01213461039428879,-0.005907383548882024,0.001973822682299094,-0.011344811320083284,0.02490576652940273,0.011799622784954063
17,2026-04-10T16:13:22.231817,0.042223241480864725,nan,0.022028605443780724,0.00021081486540230898,0.5208333333333334,1.0667701358783963,48,nan,nan,False,nan,nan,nan,nan,nan,nan,nan,"[7, 14, 30]","[30, 60]",0.0008506776851766814,14,2.125059013717886,10,20,7,21,21,24,9,0.37716709189496855,0.16778130294345245,0.0792163400697145,fixed,0.228784748611065,0.03842926805793438,0.14879577985514494,2.327189775642792,-0.012668446527646236,0.04351895014852353,0.10772373143079463,-0.008773968980113737,0.09112940866109219,-0.05011856229309423,0.036142224966303385,0.052400614048647376,0.06382243421379973
18,2026-04-10T16:13:57.063249,-0.7401149766919457,nan,0.01907694485998743,-0.00763803002960306,0.40029761904761907,1.0645998651247057,1344,nan,nan,False,nan,nan,nan,nan,nan,nan,nan,"[1, 5, 10, 20]","[30, 60]",0.0005929455577891402,13,1.9689083889008347,11,13,9,22,22,20,1,0.19703749183513336,0.1896318958367611,0.032537268352800554,fixed,0.12097920188890628,0.04138808959637638,0.09071337721023622,3.232746104182806,-0.025151900761582503,0.037498161840390044,-0.005996869816680217,-0.008128197876683044,0.02724768285687905,0.0015800829771790063,-0.014200326413474016,-0.020228785284630204,0.033644171834310364
19,2026-04-10T16:14:14.623207,2.1266877768643027,nan,0.01866597182597433,0.03199973130243805,0.43552311435523117,1.3501762959810573,822,nan,nan,True,nan,nan,nan,nan,nan,nan,nan,"[1, 3, 5]","[30, 60]",0.0012480538418083835,13,1.7002568751640728,14,23,8,11,23,93,2,0.35350947305616043,0.4850480589764523,0.038604577852094986,fixed,0.17632548354295097,0.06045885613935124,0.12993274400347915,2.2478705976859894,-0.022332723841440607,0.015504015886925907,0.0256157873677723,0.024156301806715724,-0.005818635411364236,0.001973822682299094,-0.021908355642909844,0.02490576652940273,0.024687685957322503
20,2026-04-10T16:14:50.526708,-2.0888592514862205,nan,0.028735825323495754,-0.02549433941404311,0.43040293040293043,0.9463836642880021,1092,nan,nan,False,nan,nan,nan,nan,nan,nan,nan,"[1, 3, 7, 14, 30]","[20, 40, 60]",0.0012243511954946175,23,2.5266024526457995,16,18,5,20,32,58,1,0.12748167542303288,0.12435111665759752,0.03549543451459199,fixed,0.1807325732020313,0.06145985988535806,0.06863681969359456,3.47704333730374,-0.016535997913086155,0.03302704829919229,-0.005996869816680217,-0.009277936079765205,0.019630488838051074,-0.004770805741471258,-0.03379982313244606,-0.020228785284630204,-0.008904323167609567
21,2026-04-10T16:14:53.720597,-2.7181296067002365,nan,0.02498362656651483,-0.020369069001509255,0.47580645161290325,0.6992838328693317,248,nan,nan,False,nan,nan,nan,nan,nan,nan,nan,"[7, 14, 30]","[10, 30]",0.0017127376567352196,14,2.816301342390067,8,26,5,40,19,61,12,0.5803147204820858,0.19610777128137918,0.015737750721330913,fixed,0.1405162195302015,0.035378128518090135,0.09424116096028824,4.6487346221193055,-0.14472589029634542,0.13970057000661268,0.03330201184941911,-0.08710597008988037,0.1266967520215129,-0.020985640741004823,-0.1094750654477762,-0.000663035103641161,-0.0017262032177859888
22,2026-04-10T16:14:58.920355,-0.8255498180338937,nan,0.0043035608266526,-0.0012401597331903602,0.3333333333333333,0.7239211873950945,24,nan,nan,False,nan,nan,nan,nan,nan,nan,nan,"[1, 5, 10, 20]","[20, 50]",0.0014029998031261693,27,2.5579293574843662,7,20,4,9,39,39,7,0.8277604990447971,0.162299289897283,0.08460899682823528,fixed,0.061284063928170124,0.04814068331064049,0.06755012748914069,4.278593545927546,-0.12266354220483186,0.12475878092566077,0.12213339975463447,-0.007054933571019784,0.19290515605075584,-0.021553337311361633,-0.1280285634184472,-0.015495033342407177,0.04976918153493728
23,2026-04-10T16:15:02.794169,1.399211348418184,nan,0.0023167297193108075,0.001325294687519074,0.518796992481203,1.383112600420524,133,nan,nan,False,nan,nan,nan,nan,nan,nan,nan,"[1, 3, 7, 14, 30]","[20, 40, 60]",0.002,15,2.448336055602003,17,20,10,40,40,67,10,0.4143902260720675,0.05,0.049885185003887264,fixed,0.02,0.03494484342437747,0.06736736016471243,4.092910839042314,-0.015776039550203173,0.0434873458751499,0.07094245083078471,0.011995141714768662,0.1667029534146252,-0.04070411649449137,0.0015613883015410843,0.03159590606482113,-0.007767102336517397
24,2026-04-10T16:15:37.576972,0.34458699810311666,nan,0.021879470012145835,0.004803506893129361,0.4642857142857143,1.1779792685199462,560,nan,nan,False,nan,nan,nan,nan,nan,nan,nan,"[1, 2, 5, 10, 20, 30]","[10, 20]",0.0016009806965737495,28,2.8244956467728586,16,33,1,40,39,59,1,0.8075619485886139,0.33449588314565015,0.052081813638999865,fixed,0.24878339380396844,0.05144706790866878,0.04021836193045265,3.788444969693118,-0.020369413809599196,0.016712548743498416,-0.005996869816680217,-0.03198607618854088,0.019630488838051074,0.0025948344106653887,-0.036018900020180426,-0.020228785284630204,0.010651228248962804
25,2026-04-10T16:15:43.624894,-1.4592136919539276,nan,0.02511177754286798,-0.014978509429967812,0.42788461538461536,0.8309424283652916,416,nan,nan,False,nan,nan,nan,nan,nan,nan,nan,"[7, 14, 30]","[30, 60]",0.001102645503126074,21,1.8562922039389824,19,38,5,19,24,94,6,0.2365636973436186,0.3474641244971226,0.005,fixed,0.14743786234205142,0.0555372150318619,0.07819899661876117,2.873702784330482,-0.0431960690900329,0.005446156364436844,0.028199575643903015,-0.018363261601257272,0.06270195931792633,-0.026991587141976074,-0.020386170761242613,-0.0041400679973205646,0.11513503479774086
26,2026-04-10T16:15:47.392095,0.12809901267709378,nan,0.0091944911646449,0.0003635434961088979,0.5508474576271186,1.083497904041653,118,nan,nan,False,nan,nan,nan,nan,nan,nan,nan,"[1, 3, 7, 14, 30]","[20, 50]",0.0019411125765950933,22,2.4939718650510785,15,22,9,35,40,73,10,0.43261897460286625,0.0681093325501254,0.04133969625955547,fixed,0.0694069280573664,0.04946219560041007,0.11264405970589383,4.874384128589696,-0.015776039550203173,0.03799356953744793,0.07094245083078471,-0.08767808158652318,0.16819437230905995,-0.0421929493963122,-0.0018519586672511436,0.03159590606482113,0.07496605728145893
27,2026-04-10T16:15:50.658973,-2.4827558302783848,nan,0.003722385325183898,-0.0028154811719888206,0.4835680751173709,0.7345394729603383,213,nan,nan,False,nan,nan,nan,nan,nan,nan,nan,"[1, 3, 7, 14, 30]","[20, 40, 60]",0.0018216068197533482,17,2.6640142772460758,14,26,7,33,38,68,12,0.30290066023523193,0.11959839074216601,0.02176748866759361,fixed,0.02,0.04307792508532075,0.0729370842839642,4.006324045935087,-0.08476514647835708,0.17417346393088282,0.03330201184941911,-0.07088414774378667,0.12582057167417296,-0.020985640741004823,-0.12761204415352448,-0.000663035103641161,0.0668519963974386
28,2026-04-10T16:15:55.886440,0.295741001191038,nan,0.02262377055284148,0.003136692726704693,0.4692737430167598,1.0963498801350215,358,nan,nan,False,nan,nan,nan,nan,nan,nan,nan,"[7, 14, 30]","[10, 20]",0.0013323033653063656,15,1.5,17,31,7,27,13,78,7,0.24707946885965604,0.18117423747476463,0.015600777289970669,fixed,0.1657555597098978,0.04627306421320697,0.07476137218865712,3.198782624537725,-0.19512233144939806,0.0568168395153244,0.12213339975463447,0.010025577220590363,0.19591627525972194,-0.017497697203632548,-0.07249546730394942,-0.015495033342407177,0.06680055379646399
29,2026-04-10T16:16:00.001437,1.7872791009904085,nan,0.0014566006109070604,0.0022856541114268936,0.5428571428571428,1.655699500552908,70,nan,nan,False,nan,nan,nan,nan,nan,nan,nan,"[7, 14, 30]","[10, 20]",0.0017362224689689311,18,2.4850856082113744,17,22,11,40,40,70,9,0.5619195116098445,0.110315235382728,0.06679111328778145,fixed,0.02731716427857397,0.026367695182174276,0.0897948058797235,3.2933194507520698,-0.012668446527646236,-0.033276719778684204,0.10772373143079463,0.03567373232285332,0.076556513859015,-0.05352623776750128,0.02577204730140444,0.052400614048647376,0.10607026285972126
30,2026-04-10T16:16:03.440471,0.8294078826577771,nan,0.00466436349785218,0.002181842769697795,0.5384615384615384,1.2136234642153367,104,nan,nan,False,nan,nan,nan,nan,nan,nan,nan,"[7, 14, 30]","[10, 20]",0.002,18,2.27916731757666,15,19,12,40,34,57,11,0.6602882372920507,0.08950825532216863,0.051400157090201126,fixed,0.055202926076070996,0.032322022552989896,0.08372780509402505,3.542066778609229,0.03131977237018476,0.019634808448220287,-0.007723761065427903,-0.08511484270345859,-0.03020945528719494,-0.03337130787445204,-0.004340794683134788,-0.01983726821094464,0.01553481264476948
1,2026-04-10T13:16:34.714040,-1.8563429185928053,-2.2625106518760685,0.016732268627242107,-0.007864273295386526,0.43564356435643564,0.9525375050802669,303,-0.12553581468456515,-0.18496957614533677,False,0.05199237029745365,0.06035393620961806,0.008937468463937125,6.817570368178316e-05,0.42857142857142855,112,1.0293331437671025,"[1, 3, 5]","[20, 50]",0.0006001168652919746,14,2.4143932318655987,7,37,5,6,21,34,8,0.8733298594212405,0.43309859008870244,0.04977494670246339,fixed,0.09188605732403257,0.019254826540775802,0.13053002765303162,3.724381123556807,0.06371841685013978,-0.050601381628647996,0.023958960511702435,0.007321388871676192,0.03217460729415284,-0.04738238929935517,-0.06048674796847867,-0.032004510910882474,-0.005238412320540842
2,2026-04-10T13:16:40.327359,-1.303691433906142,-1.8265922957268,0.025977547634697357,-0.011693728663015435,0.4634146341463415,0.9800610673043166,369,-0.09102604449846408,0.004524039421094424,False,4.335838523297786,5.804076521605214,0.011930405387300594,0.01312466627359421,0.45774647887323944,142,1.2696285741615496,"[1, 3, 7, 14, 30]","[20, 40, 60]",0.0011239024336797392,25,2.1634822528707858,11,30,1,34,34,85,5,0.5510686119186251,0.38419335771753343,0.021650582545996434,fixed,0.18122762476737594,0.03168013765113798,0.11661012264257647,1.138487364905933,0.06409055765650341,0.04765589888283826,-0.04451567815489196,0.026192568399785628,-0.06107333045975662,-0.035866218222711355,0.06742554656170138,0.011938264976926702,-0.08183381051626505
3,2026-04-10T13:16:43.772960,-1.8560921565506,-1.6916409673322692,0.037684296928448824,-0.018567752307620866,0.45323741007194246,0.90985704529103,139,-0.9106823591236723,-0.020804071266934836,False,3.585407994304839,3.4566390621440415,0.027082393449447628,0.015058476880318361,0.5,58,1.3517482891196955,"[7, 14, 30]","[20, 50]",0.0008523363369047979,13,2.853021324230234,20,14,11,37,15,99,8,0.626253533800653,0.09298785255483633,0.09641139952900901,fixed,0.2727059856401687,0.026760224046992312,0.09899421909716355,3.8193820455396827,0.0018746220815887857,-0.050601381628647996,0.023958960511702435,0.06818429256021462,-0.09588109966241451,-0.005540592852085268,-0.06306588423757455,-0.032004510910882474,-0.07070014586698829
4,2026-04-10T13:16:49.224839,-3.9170207160829595,-5.029710923366035,0.03618899049535702,-0.029716129788012968,0.44285714285714284,0.8720257117108818,350,-0.608656296753153,-0.05346544142768813,False,0.5942285750750044,0.7735840820888842,0.016901508950742994,0.002018539921848861,0.47305389221556887,167,1.077201665470232,"[5, 10, 20]","[10, 30]",0.0007550838246885274,29,2.4132882112540646,14,36,7,28,33,55,5,0.19011061435227036,0.11842665322788087,0.056906004986518,fixed,0.1523713109617246,0.024865215622630166,0.043934806310258936,1.4613214914606605,0.07778998464859324,0.03328221233242993,-0.04451567815489196,-0.06266431741842206,-0.06698090866149017,-0.04328404155745781,0.05086941218261987,0.011938264976926702,-0.056026199136646755
5,2026-04-10T13:16:52.098793,-1.4209616355949155,-1.8911741217925988,0.009561693452404735,-0.004684573728385821,0.4424778761061947,0.9106368355003984,226,-0.2154128221507931,-0.07790562929719551,False,0.9421397479089206,1.383755409191811,0.008286578754247086,0.0013981797842372856,0.4146341463414634,123,1.0828927777899409,"[1, 2, 5, 10, 20, 30]","[10, 20]",0.0016478229356190074,12,1.6787846277074665,19,37,5,28,36,76,10,0.6003898003532608,0.30386135781423756,0.022774929889218715,fixed,0.06669894182764285,0.031057288366966272,0.13047178314892693,2.4145781185082145,-0.033585125822283825,-0.030364557299079237,-0.08421608694819827,0.008281080944051245,-0.07625903389772534,-0.08706645442546494,-0.04105525069439924,0.10449648849226204,-0.07213037878320057
31,2026-04-10T13:20:41.343905,-3.731302024372928,-2.938123933084392,0.015435138968198682,-0.01340658716456622,0.42386831275720166,0.6769299915880419,243,-0.4508527413888567,-0.15020806416937757,False,3.279324750782317,3.3554985492950617,0.0022109135532351076,0.00393544211163821,0.45569620253164556,79,1.9291219819769518,"[1, 2, 5, 10, 20, 30]","[30, 60]",0.0007913246550263016,19,2.9443823331038246,11,22,12,30,17,34,3,0.5812278526208831,0.14324258090100905,0.07791154728344016,fixed,0.06229141940351974,0.039815875710881785,0.05731043929555858,3.678857743943551,-0.1053076328611295,-0.11648157142233857,-0.26996240900524304,0.03912133614127679,0.006123512735248433,0.051050733522754174,-0.1550951282174393,-0.17375061571455222,-0.0711482500508067
32,2026-04-10T13:20:44.906570,-5.369912559074782,-5.372762823818112,0.08385654317112413,-0.07405847688997269,0.4375,0.5231516166331568,240,-2.871490926469252,0.07739121138760356,False,0.09973748756643364,0.07121725397524648,0.00804811665016314,0.00021947478416972643,0.5476190476190477,42,1.111237276135496,"[7, 14, 30]","[10, 30]",0.0013663435602070811,18,1.8643397646230293,16,34,7,25,15,71,8,0.1,0.2016571217534399,0.02597157686021654,fixed,0.19672693114794343,0.06358759751879894,0.07741096068569979,2.033572129983477,-0.07733888342405029,-0.09909400959087784,-0.11373881920060766,-0.11099445645446693,-0.04035986887094466,-0.062416531198668544,-0.06382257729674633,-0.02950212763108401,-0.12717337040279766
33,2026-04-10T13:20:48.855279,-0.9432017545430192,-0.6924088431920327,0.013922455714456808,-0.004621371475938552,0.41818181818181815,0.8943914083818564,110,-0.2996196888704309,-0.10197244033369593,False,-2.523514271521312,-1.5766341987063932,0.0025261461355542986,-0.0018430302384000452,0.5238095238095238,21,0.7463038159652547,"[7, 14, 30]","[10, 20]",0.001378844276092253,23,2.8112123262778073,7,16,8,17,40,63,7,0.8076420914659563,0.05,0.08529248992965735,fixed,0.07363254248109087,0.043586530330649284,0.0793288907246158,4.0039134576564654,0.0033804494436725676,0.022373007691048843,-0.02710580322687716,-0.2359413243284921,-0.03401233802672796,0.0008720320469593786,-0.026861187540375905,-0.06399142050363275,-0.016145454871926097
34,2026-04-10T13:20:51.952845,3.194771051297873,3.3075366485666096,0.0069177522272806284,0.013247047528515354,0.5602409638554217,1.763242678143649,166,0.8781996567935522,-0.07679700731656204,True,-11.70197211261055,-9.483147532370973,0.012609258108879093,-0.01110842414329416,0.22388059701492538,67,0.11581953159906823,"[1, 3, 7, 14, 30]","[10, 30]",0.002,17,2.4949310314172584,18,25,8,40,40,52,9,0.3410515726577382,0.05,0.036229251578992636,fixed,0.05652073178040169,0.03019791886920151,0.08676361042996011,4.766634434647511,0.005094887692180322,0.01824834586618572,-0.3369505423256367,-0.1307904369348406,-0.10391034059708794,-0.018706717926979113,-0.005257642592772165,-0.03919052964882471,0.14095839537046045
35,2026-04-10T13:20:55.880579,2.2047891694682393,2.2480233599645345,0.011406064534559888,0.011392053556922521,0.5163043478260869,1.4850469033085507,184,0.7149053194405248,-0.10139348908985639,True,-1.126744611718619,-0.5583199225306106,0.0022255665308104655,-0.0008123558171532208,0.5882352941176471,34,1.0569465161929645,"[1, 3, 7, 14, 30]","[10, 20]",0.0019143149931994815,20,2.2785478825080814,15,28,12,40,36,69,7,0.6431358536459633,0.19622205103660834,0.0497292918619421,fixed,0.0697577320825893,0.024543040375863752,0.09345436369114496,2.7400873154686014,0.10415639345890502,0.022373007691048843,-0.02710580322687716,-0.10715925503111474,-0.030363683625993922,0.029883659190381048,-0.03943054000802543,-0.06399142050363275,0.07411311460559818
36,2026-04-10T13:21:19.684104,0.4404408423734131,0.3592975109271439,0.0035730303868635096,0.0005814738778566753,0.4953271028037383,1.1329568478624568,107,0.08443996939605417,-0.015233989658714501,False,1.234175315491565,0.5348518242811923,0.000407924128154357,0.00026679159928688634,0.625,24,1.6861212474836575,"[7, 14, 30]","[10, 20]",0.0014283035346857114,22,2.723558424305344,15,26,12,40,40,63,10,0.4498358933415082,0.0623705334435651,0.06141281528359339,fixed,0.02,0.02427462123362533,0.10195707056066186,2.573977751119437,-0.005817364558669726,-0.10355234760037224,-0.2580553151314273,-0.12566063704742717,0.19868587859793382,0.05945083858813801,0.015179125722920156,0.018178032825191707,0.10977007718330069
37,2026-04-10T13:21:24.328725,-0.4462341041353011,-0.4924250894729558,0.018836190258223546,-0.004076738991136031,0.5085470085470085,0.9862215192057366,234,-0.03703111425278998,0.0036860108136356714,False,-3.278550095589376,-3.739062608836739,0.009910155084961616,-0.008534196960475526,0.46774193548387094,124,0.7210117867116974,"[7, 14, 30]","[10, 30]",0.0015679423466663394,20,1.8409087090540879,18,40,7,24,15,84,6,0.1025486312098577,0.18726127128242095,0.01598678522631106,fixed,0.11558744684335248,0.054684300797888254,0.09373060007623049,3.253628157572119,-0.10629902365090316,-0.10547670708569923,-0.3464908075748662,-0.041039884094934635,0.03341853745646734,0.037924168385516314,-0.10900098340795024,-0.13958111789188143,-0.025208545864294638
38,2026-04-10T13:21:27.004431,0.6277105174814276,0.40602897333056887,0.00268861990206366,0.0013123438632760553,0.46551724137931033,1.1781808697331495,58,0.22207808447792005,-0.0760390533432276,False,0.019719908230589948,0.009766346097565923,0.002576118047314422,1.0052344562749838e-05,0.48,25,1.0592971982407078,"[1, 5, 10, 20]","[20, 50]",0.001643467785973637,21,2.668739191154426,7,14,4,18,40,50,11,0.8767606178866987,0.13413312943268837,0.07066859880310677,fixed,0.04722134516091501,0.055656923188138537,0.07504041694765926,3.8721081897518044,0.03950756843571221,-0.010450774818650865,0.2559469740654796,-0.07453855012659048,-0.11531021256002927,0.009933779996113562,0.053157931236739155,-0.20662961866692983,0.10408242282212982
39,2026-04-10T13:21:30.511959,-3.052569139802568,-2.3907767274187806,0.011401248572361066,-0.007273036159742174,0.45294117647058824,0.6976089443365336,170,-0.37582521225250165,0.12610510060900335,False,2.788110117266756,1.9384856868339697,0.001503903661911626,0.0012550041918839572,0.6363636363636364,44,1.683236237926683,"[1, 3, 7, 14, 30]","[10, 20]",0.002,16,2.692715474461182,16,29,9,34,39,48,8,0.396471433227819,0.13884882622280614,0.03934598366417458,fixed,0.040327731714013666,0.03185195151378552,0.07342811092393951,5.0,-0.05856535197967923,-0.12634568087287884,-0.11373881920060766,0.013183215467856781,-0.04035986887094466,-0.015934395805101094,-0.054238156317501195,-0.02950212763108401,0.006421631781814294
40,2026-04-10T13:21:34.031135,-1.3937227952760824,-1.1943623503355023,0.004666154714475673,-0.001373600577626144,0.46551724137931033,0.8587060755516421,116,-0.08696487822654955,-0.05093121240381702,False,4.1030542506696275,1.4178920178832497,0.00040792412815429517,0.0007885380058636482,1.0,15,inf,"[7, 14, 30]","[10, 20]",0.0018367916347018988,19,2.2699712353206776,15,26,10,40,40,68,8,0.4762908996690507,0.11521448377453189,0.06232205385428863,fixed,0.02,0.03367305235729447,0.09012075494859742,3.522331396099271,-0.07733888342405029,-0.12634568087287884,-0.11373881920060766,-0.14276164838128588,-0.04111666870816922,-0.0483715411158355,-0.06592726770202077,-0.02950212763108401,-0.008835456339943929
41,2026-04-10T13:21:43.341430,-0.7013162371969452,-0.5352069177494932,0.07753783909980473,-0.013094858602247017,0.5198412698412699,0.9723156211340384,252,-0.14906672783372754,0.06774153282276842,False,-1.7518492126517855,-1.4301273113413384,0.019153665469232337,-0.00657161463551692,0.46153846153846156,117,0.9196635333304035,"[1, 5, 10, 20]","[20, 40, 60]",0.0017967018862500097,26,2.481702792166807,16,34,1,40,35,56,3,0.7319788899960751,0.3072164045489533,0.04288750686486009,fixed,0.2601843346749644,0.06607887817263512,0.04262102660809428,4.822480683354462,-0.11105511103911056,-0.1284058268308008,-0.26996240900524304,-0.04068997469041282,0.005075614899741422,0.028438160361639108,-0.1497656510896532,-0.17375061571455222,-0.056059537928175404
42,2026-04-10T13:21:46.528204,0.5519031071106106,0.5601164796688851,0.004854660675658106,0.0008785878458010821,0.5,1.1763047945994702,146,0.10603336194798674,-0.14234521796436025,False,-8.198229040104186,-6.122836627912121,0.0032089055778550418,-0.0027199722365672807,0.26,50,0.2028516643842367,"[7, 14, 30]","[30, 60]",0.00161377095628308,20,2.507456215466274,15,20,11,34,40,69,9,0.5709518764275904,0.13223521630887858,0.06741965656080931,fixed,0.02,0.032104574217118334,0.10399432439626612,2.531341298612404,-0.0270241010515634,-0.013615378726883648,-0.3369505423256367,-0.06855292162971166,-0.07780411484072768,-0.05922115676341331,-0.010820587111468728,-0.03919052964882471,0.03733089324408462
43,2026-04-10T13:21:59.930813,4.634357749162156,5.481059244743792,0.022294299266888785,0.07631437998277324,0.5058365758754864,1.7667751733401926,514,1.7615053266494143,-0.08165516895467646,True,-4.662391857398718,-5.397502540830165,0.028894928972910832,-0.021562715252410047,0.3333333333333333,183,0.6932958927593004,"[1, 3, 5]","[30, 60]",0.001577967882867376,16,1.8639564485042783,15,18,8,12,25,100,2,0.514851057384299,0.5,0.03320846646594679,fixed,0.20991238419067693,0.050655441379359956,0.14114442625362889,2.368257029824818,0.0018572610462444454,-0.041295510159556924,-0.13286144593773708,-0.08975842809035406,0.002470851511960568,0.025496983752843372,-0.016650595163316923,-0.11302475140702158,-0.03990635446749593
